system:index,center_lat,center_lon,col,grid_id,groups,numeric_id,region,row,.geo
0,48.11228889687388,-14.887711103126122,0,grid_0000_0000,[],0,East2c,0,"{""type"":""MultiPoint"",""coordinates"":[]}"
1,48.33686669062163,-14.887711103126122,0,grid_0001_0000,[],1,East2c,1,"{""type"":""MultiPoint"",""coordinates"":[]}"
2,48.56144448436939,-14.887711103126122,0,grid_0002_0000,[],2,East2c,2,"{""type"":""MultiPoint"",""coordinates"":[]}"
3,48.78602227811714,-14.887711103126122,0,grid_0003_0000,[],3,East2c,3,"{""type"":""MultiPoint"",""coordinates"":[]}"
4,49.01060007186489,-14.887711103126122,0,grid_0004_0000,[],4,East2c,4,"{""type"":""MultiPoint"",""coordinates"":[]}"
5,49.23517786561265,-14.887711103126122,0,grid_0005_0000,[],5,East2c,5,"{""type"":""MultiPoint"",""coordinates"":[]}"
6,49.459755659360404,-14.887711103126122,0,grid_0006_0000,[],6,East2c,6,"{""type"":""MultiPoint"",""coordinates"":[]}"
7,49.68433345310816,-14.887711103126122,0,grid_0007_0000,[],7,East2c,7,"{""type"":""MultiPoint"",""coordinates"":[]}"
8,49.90891124685591,-14.887711103126122,0,grid_0008_0000,[],8,East2c,8,"{""type"":""MultiPoint"",""coordinates"":[]}"
9,50.13348904060366,-14.887711103126122,0,grid_0009_0000,[],9,East2c,9,"{""type"":""MultiPoint"",""coordinates"":[]}"
10,50.35806683435142,-14.887711103126122,0,grid_0010_0000,[],10,East2c,10,"{""type"":""MultiPoint"",""coordinates"":[]}"
11,50.582644628099175,-14.887711103126122,0,grid_0011_0000,[],11,East2c,11,"{""type"":""MultiPoint"",""coordinates"":[]}"
12,50.80722242184693,-14.887711103126122,0,grid_0012_0000,[],12,East2c,12,"{""type"":""MultiPoint"",""coordinates"":[]}"
13,51.031800215594686,-14.887711103126122,0,grid_0013_0000,[],13,East2c,13,"{""type"":""MultiPoint"",""coordinates"":[]}"
14,51.256378009342434,-14.887711103126122,0,grid_0014_0000,[],14,East2c,14,"{""type"":""MultiPoint"",""coordinates"":[]}"
15,51.48095580309019,-14.887711103126122,0,grid_0015_0000,[],15,East2c,15,"{""type"":""MultiPoint"",""coordinates"":[]}"
16,51.705533596837945,-14.887711103126122,0,grid_0016_0000,[],16,East2c,16,"{""type"":""MultiPoint"",""coordinates"":[]}"
17,51.9301113905857,-14.887711103126122,0,grid_0017_0000,[],17,East2c,17,"{""type"":""MultiPoint"",""coordinates"":[]}"
18,48.11228889687388,-14.66313330937837,1,grid_0000_0001,[],18,East2c,0,"{""type"":""MultiPoint"",""coordinates"":[]}"
19,48.33686669062163,-14.66313330937837,1,grid_0001_0001,[],19,East2c,1,"{""type"":""MultiPoint"",""coordinates"":[]}"
20,48.56144448436939,-14.66313330937837,1,grid_0002_0001,[],20,East2c,2,"{""type"":""MultiPoint"",""coordinates"":[]}"
21,48.78602227811714,-14.66313330937837,1,grid_0003_0001,[],21,East2c,3,"{""type"":""MultiPoint"",""coordinates"":[]}"
22,49.01060007186489,-14.66313330937837,1,grid_0004_0001,[],22,East2c,4,"{""type"":""MultiPoint"",""coordinates"":[]}"
23,49.23517786561265,-14.66313330937837,1,grid_0005_0001,[],23,East2c,5,"{""type"":""MultiPoint"",""coordinates"":[]}"
24,49.459755659360404,-14.66313330937837,1,grid_0006_0001,[],24,East2c,6,"{""type"":""MultiPoint"",""coordinates"":[]}"
25,49.68433345310816,-14.66313330937837,1,grid_0007_0001,[],25,East2c,7,"{""type"":""MultiPoint"",""coordinates"":[]}"
26,49.90891124685591,-14.66313330937837,1,grid_0008_0001,[],26,East2c,8,"{""type"":""MultiPoint"",""coordinates"":[]}"
27,50.13348904060366,-14.66313330937837,1,grid_0009_0001,[],27,East2c,9,"{""type"":""MultiPoint"",""coordinates"":[]}"
28,50.35806683435142,-14.66313330937837,1,grid_0010_0001,[],28,East2c,10,"{""type"":""MultiPoint"",""coordinates"":[]}"
29,50.582644628099175,-14.66313330937837,1,grid_0011_0001,[],29,East2c,11,"{""type"":""MultiPoint"",""coordinates"":[]}"
30,50.80722242184693,-14.66313330937837,1,grid_0012_0001,[],30,East2c,12,"{""type"":""MultiPoint"",""coordinates"":[]}"
31,51.031800215594686,-14.66313330937837,1,grid_0013_0001,[],31,East2c,13,"{""type"":""MultiPoint"",""coordinates"":[]}"
32,51.256378009342434,-14.66313330937837,1,grid_0014_0001,[],32,East2c,14,"{""type"":""MultiPoint"",""coordinates"":[]}"
33,51.48095580309019,-14.66313330937837,1,grid_0015_0001,[],33,East2c,15,"{""type"":""MultiPoint"",""coordinates"":[]}"
34,51.705533596837945,-14.66313330937837,1,grid_0016_0001,[],34,East2c,16,"{""type"":""MultiPoint"",""coordinates"":[]}"
35,51.9301113905857,-14.66313330937837,1,grid_0017_0001,[],35,East2c,17,"{""type"":""MultiPoint"",""coordinates"":[]}"
36,48.11228889687388,-14.438555515630615,2,grid_0000_0002,[],36,East2c,0,"{""type"":""MultiPoint"",""coordinates"":[]}"
37,48.33686669062163,-14.438555515630615,2,grid_0001_0002,[],37,East2c,1,"{""type"":""MultiPoint"",""coordinates"":[]}"
38,48.56144448436939,-14.438555515630615,2,grid_0002_0002,[],38,East2c,2,"{""type"":""MultiPoint"",""coordinates"":[]}"
39,48.78602227811714,-14.438555515630615,2,grid_0003_0002,[],39,East2c,3,"{""type"":""MultiPoint"",""coordinates"":[]}"
40,49.01060007186489,-14.438555515630615,2,grid_0004_0002,[],40,East2c,4,"{""type"":""MultiPoint"",""coordinates"":[]}"
41,49.23517786561265,-14.438555515630615,2,grid_0005_0002,[],41,East2c,5,"{""type"":""MultiPoint"",""coordinates"":[]}"
42,49.459755659360404,-14.438555515630615,2,grid_0006_0002,[],42,East2c,6,"{""type"":""MultiPoint"",""coordinates"":[]}"
43,49.68433345310816,-14.438555515630615,2,grid_0007_0002,[],43,East2c,7,"{""type"":""MultiPoint"",""coordinates"":[]}"
44,49.90891124685591,-14.438555515630615,2,grid_0008_0002,[],44,East2c,8,"{""type"":""MultiPoint"",""coordinates"":[]}"
45,50.13348904060366,-14.438555515630615,2,grid_0009_0002,[],45,East2c,9,"{""type"":""MultiPoint"",""coordinates"":[]}"
46,50.35806683435142,-14.438555515630615,2,grid_0010_0002,[],46,East2c,10,"{""type"":""MultiPoint"",""coordinates"":[]}"
47,50.582644628099175,-14.438555515630615,2,grid_0011_0002,[],47,East2c,11,"{""type"":""MultiPoint"",""coordinates"":[]}"
48,50.80722242184693,-14.438555515630615,2,grid_0012_0002,[],48,East2c,12,"{""type"":""MultiPoint"",""coordinates"":[]}"
49,51.031800215594686,-14.438555515630615,2,grid_0013_0002,[],49,East2c,13,"{""type"":""MultiPoint"",""coordinates"":[]}"
50,51.256378009342434,-14.438555515630615,2,grid_0014_0002,[],50,East2c,14,"{""type"":""MultiPoint"",""coordinates"":[]}"
51,51.48095580309019,-14.438555515630615,2,grid_0015_0002,[],51,East2c,15,"{""type"":""MultiPoint"",""coordinates"":[]}"
52,51.705533596837945,-14.438555515630615,2,grid_0016_0002,[],52,East2c,16,"{""type"":""MultiPoint"",""coordinates"":[]}"
53,51.9301113905857,-14.438555515630615,2,grid_0017_0002,[],53,East2c,17,"{""type"":""MultiPoint"",""coordinates"":[]}"
54,48.11228889687388,-14.21397772188286,3,grid_0000_0003,[],54,East2c,0,"{""type"":""MultiPoint"",""coordinates"":[]}"
55,48.33686669062163,-14.21397772188286,3,grid_0001_0003,[],55,East2c,1,"{""type"":""MultiPoint"",""coordinates"":[]}"
56,48.56144448436939,-14.21397772188286,3,grid_0002_0003,[],56,East2c,2,"{""type"":""MultiPoint"",""coordinates"":[]}"
57,48.78602227811714,-14.21397772188286,3,grid_0003_0003,[],57,East2c,3,"{""type"":""MultiPoint"",""coordinates"":[]}"
58,49.01060007186489,-14.21397772188286,3,grid_0004_0003,[],58,East2c,4,"{""type"":""MultiPoint"",""coordinates"":[]}"
59,49.23517786561265,-14.21397772188286,3,grid_0005_0003,[],59,East2c,5,"{""type"":""MultiPoint"",""coordinates"":[]}"
60,49.459755659360404,-14.21397772188286,3,grid_0006_0003,[],60,East2c,6,"{""type"":""MultiPoint"",""coordinates"":[]}"
61,49.68433345310816,-14.21397772188286,3,grid_0007_0003,[],61,East2c,7,"{""type"":""MultiPoint"",""coordinates"":[]}"
62,49.90891124685591,-14.21397772188286,3,grid_0008_0003,[],62,East2c,8,"{""type"":""MultiPoint"",""coordinates"":[]}"
63,50.13348904060366,-14.21397772188286,3,grid_0009_0003,[],63,East2c,9,"{""type"":""MultiPoint"",""coordinates"":[]}"
64,50.35806683435142,-14.21397772188286,3,grid_0010_0003,[],64,East2c,10,"{""type"":""MultiPoint"",""coordinates"":[]}"
65,50.582644628099175,-14.21397772188286,3,grid_0011_0003,[],65,East2c,11,"{""type"":""MultiPoint"",""coordinates"":[]}"
66,50.80722242184693,-14.21397772188286,3,grid_0012_0003,[],66,East2c,12,"{""type"":""MultiPoint"",""coordinates"":[]}"
67,51.031800215594686,-14.21397772188286,3,grid_0013_0003,[],67,East2c,13,"{""type"":""MultiPoint"",""coordinates"":[]}"
68,51.256378009342434,-14.21397772188286,3,grid_0014_0003,[],68,East2c,14,"{""type"":""MultiPoint"",""coordinates"":[]}"
69,51.48095580309019,-14.21397772188286,3,grid_0015_0003,[],69,East2c,15,"{""type"":""MultiPoint"",""coordinates"":[]}"
70,51.705533596837945,-14.21397772188286,3,grid_0016_0003,[],70,East2c,16,"{""type"":""MultiPoint"",""coordinates"":[]}"
71,51.9301113905857,-14.21397772188286,3,grid_0017_0003,[],71,East2c,17,"{""type"":""MultiPoint"",""coordinates"":[]}"
72,48.11228889687388,-13.989399928135107,4,grid_0000_0004,[],72,East2c,0,"{""type"":""MultiPoint"",""coordinates"":[]}"
73,48.33686669062163,-13.989399928135107,4,grid_0001_0004,[],73,East2c,1,"{""type"":""MultiPoint"",""coordinates"":[]}"
74,48.56144448436939,-13.989399928135107,4,grid_0002_0004,[],74,East2c,2,"{""type"":""MultiPoint"",""coordinates"":[]}"
75,48.78602227811714,-13.989399928135107,4,grid_0003_0004,[],75,East2c,3,"{""type"":""MultiPoint"",""coordinates"":[]}"
76,49.01060007186489,-13.989399928135107,4,grid_0004_0004,[],76,East2c,4,"{""type"":""MultiPoint"",""coordinates"":[]}"
77,49.23517786561265,-13.989399928135107,4,grid_0005_0004,[],77,East2c,5,"{""type"":""MultiPoint"",""coordinates"":[]}"
78,49.459755659360404,-13.989399928135107,4,grid_0006_0004,[],78,East2c,6,"{""type"":""MultiPoint"",""coordinates"":[]}"
79,49.68433345310816,-13.989399928135107,4,grid_0007_0004,[],79,East2c,7,"{""type"":""MultiPoint"",""coordinates"":[]}"
80,49.90891124685591,-13.989399928135107,4,grid_0008_0004,[],80,East2c,8,"{""type"":""MultiPoint"",""coordinates"":[]}"
81,50.13348904060366,-13.989399928135107,4,grid_0009_0004,[],81,East2c,9,"{""type"":""MultiPoint"",""coordinates"":[]}"
82,50.35806683435142,-13.989399928135107,4,grid_0010_0004,[],82,East2c,10,"{""type"":""MultiPoint"",""coordinates"":[]}"
83,50.582644628099175,-13.989399928135107,4,grid_0011_0004,[],83,East2c,11,"{""type"":""MultiPoint"",""coordinates"":[]}"
84,50.80722242184693,-13.989399928135107,4,grid_0012_0004,[],84,East2c,12,"{""type"":""MultiPoint"",""coordinates"":[]}"
85,51.031800215594686,-13.989399928135107,4,grid_0013_0004,[],85,East2c,13,"{""type"":""MultiPoint"",""coordinates"":[]}"
86,51.256378009342434,-13.989399928135107,4,grid_0014_0004,[],86,East2c,14,"{""type"":""MultiPoint"",""coordinates"":[]}"
87,51.48095580309019,-13.989399928135107,4,grid_0015_0004,[],87,East2c,15,"{""type"":""MultiPoint"",""coordinates"":[]}"
88,51.705533596837945,-13.989399928135107,4,grid_0016_0004,[],88,East2c,16,"{""type"":""MultiPoint"",""coordinates"":[]}"
89,51.9301113905857,-13.989399928135107,4,grid_0017_0004,[],89,East2c,17,"{""type"":""MultiPoint"",""coordinates"":[]}"
90,48.11228889687388,-13.764822134387352,5,grid_0000_0005,[],90,East2c,0,"{""type"":""MultiPoint"",""coordinates"":[]}"
91,48.33686669062163,-13.764822134387352,5,grid_0001_0005,[],91,East2c,1,"{""type"":""MultiPoint"",""coordinates"":[]}"
92,48.56144448436939,-13.764822134387352,5,grid_0002_0005,[],92,East2c,2,"{""type"":""MultiPoint"",""coordinates"":[]}"
93,48.78602227811714,-13.764822134387352,5,grid_0003_0005,[],93,East2c,3,"{""type"":""MultiPoint"",""coordinates"":[]}"
94,49.01060007186489,-13.764822134387352,5,grid_0004_0005,[],94,East2c,4,"{""type"":""MultiPoint"",""coordinates"":[]}"
95,49.23517786561265,-13.764822134387352,5,grid_0005_0005,[],95,East2c,5,"{""type"":""MultiPoint"",""coordinates"":[]}"
96,49.459755659360404,-13.764822134387352,5,grid_0006_0005,[],96,East2c,6,"{""type"":""MultiPoint"",""coordinates"":[]}"
97,49.68433345310816,-13.764822134387352,5,grid_0007_0005,[],97,East2c,7,"{""type"":""MultiPoint"",""coordinates"":[]}"
98,49.90891124685591,-13.764822134387352,5,grid_0008_0005,[],98,East2c,8,"{""type"":""MultiPoint"",""coordinates"":[]}"
99,50.13348904060366,-13.764822134387352,5,grid_0009_0005,[],99,East2c,9,"{""type"":""MultiPoint"",""coordinates"":[]}"
100,50.35806683435142,-13.764822134387352,5,grid_0010_0005,[],100,East2c,10,"{""type"":""MultiPoint"",""coordinates"":[]}"
101,50.582644628099175,-13.764822134387352,5,grid_0011_0005,[],101,East2c,11,"{""type"":""MultiPoint"",""coordinates"":[]}"
102,50.80722242184693,-13.764822134387352,5,grid_0012_0005,[],102,East2c,12,"{""type"":""MultiPoint"",""coordinates"":[]}"
103,51.031800215594686,-13.764822134387352,5,grid_0013_0005,[],103,East2c,13,"{""type"":""MultiPoint"",""coordinates"":[]}"
104,51.256378009342434,-13.764822134387352,5,grid_0014_0005,[],104,East2c,14,"{""type"":""MultiPoint"",""coordinates"":[]}"
105,51.48095580309019,-13.764822134387352,5,grid_0015_0005,[],105,East2c,15,"{""type"":""MultiPoint"",""coordinates"":[]}"
106,51.705533596837945,-13.764822134387352,5,grid_0016_0005,[],106,East2c,16,"{""type"":""MultiPoint"",""coordinates"":[]}"
107,51.9301113905857,-13.764822134387352,5,grid_0017_0005,[],107,East2c,17,"{""type"":""MultiPoint"",""coordinates"":[]}"
108,48.11228889687388,-13.540244340639596,6,grid_0000_0006,[],108,East2c,0,"{""type"":""MultiPoint"",""coordinates"":[]}"
109,48.33686669062163,-13.540244340639596,6,grid_0001_0006,[],109,East2c,1,"{""type"":""MultiPoint"",""coordinates"":[]}"
110,48.56144448436939,-13.540244340639596,6,grid_0002_0006,[],110,East2c,2,"{""type"":""MultiPoint"",""coordinates"":[]}"
111,48.78602227811714,-13.540244340639596,6,grid_0003_0006,[],111,East2c,3,"{""type"":""MultiPoint"",""coordinates"":[]}"
112,49.01060007186489,-13.540244340639596,6,grid_0004_0006,[],112,East2c,4,"{""type"":""MultiPoint"",""coordinates"":[]}"
113,49.23517786561265,-13.540244340639596,6,grid_0005_0006,[],113,East2c,5,"{""type"":""MultiPoint"",""coordinates"":[]}"
114,49.459755659360404,-13.540244340639596,6,grid_0006_0006,[],114,East2c,6,"{""type"":""MultiPoint"",""coordinates"":[]}"
115,49.68433345310816,-13.540244340639596,6,grid_0007_0006,[],115,East2c,7,"{""type"":""MultiPoint"",""coordinates"":[]}"
116,49.90891124685591,-13.540244340639596,6,grid_0008_0006,[],116,East2c,8,"{""type"":""MultiPoint"",""coordinates"":[]}"
117,50.13348904060366,-13.540244340639596,6,grid_0009_0006,[],117,East2c,9,"{""type"":""MultiPoint"",""coordinates"":[]}"
118,50.35806683435142,-13.540244340639596,6,grid_0010_0006,[],118,East2c,10,"{""type"":""MultiPoint"",""coordinates"":[]}"
119,50.582644628099175,-13.540244340639596,6,grid_0011_0006,[],119,East2c,11,"{""type"":""MultiPoint"",""coordinates"":[]}"
120,50.80722242184693,-13.540244340639596,6,grid_0012_0006,[],120,East2c,12,"{""type"":""MultiPoint"",""coordinates"":[]}"
121,51.031800215594686,-13.540244340639596,6,grid_0013_0006,[],121,East2c,13,"{""type"":""MultiPoint"",""coordinates"":[]}"
122,51.256378009342434,-13.540244340639596,6,grid_0014_0006,[],122,East2c,14,"{""type"":""MultiPoint"",""coordinates"":[]}"
123,51.48095580309019,-13.540244340639596,6,grid_0015_0006,[],123,East2c,15,"{""type"":""MultiPoint"",""coordinates"":[]}"
124,51.705533596837945,-13.540244340639596,6,grid_0016_0006,[],124,East2c,16,"{""type"":""MultiPoint"",""coordinates"":[]}"
125,51.9301113905857,-13.540244340639596,6,grid_0017_0006,[],125,East2c,17,"{""type"":""MultiPoint"",""coordinates"":[]}"
126,48.11228889687388,-13.315666546891844,7,grid_0000_0007,[],126,East2c,0,"{""type"":""MultiPoint"",""coordinates"":[]}"
127,48.33686669062163,-13.315666546891844,7,grid_0001_0007,[],127,East2c,1,"{""type"":""MultiPoint"",""coordinates"":[]}"
128,48.56144448436939,-13.315666546891844,7,grid_0002_0007,[],128,East2c,2,"{""type"":""MultiPoint"",""coordinates"":[]}"
129,48.78602227811714,-13.315666546891844,7,grid_0003_0007,[],129,East2c,3,"{""type"":""MultiPoint"",""coordinates"":[]}"
130,49.01060007186489,-13.315666546891844,7,grid_0004_0007,[],130,East2c,4,"{""type"":""MultiPoint"",""coordinates"":[]}"
131,49.23517786561265,-13.315666546891844,7,grid_0005_0007,[],131,East2c,5,"{""type"":""MultiPoint"",""coordinates"":[]}"
132,49.459755659360404,-13.315666546891844,7,grid_0006_0007,[],132,East2c,6,"{""type"":""MultiPoint"",""coordinates"":[]}"
133,49.68433345310816,-13.315666546891844,7,grid_0007_0007,[],133,East2c,7,"{""type"":""MultiPoint"",""coordinates"":[]}"
134,49.90891124685591,-13.315666546891844,7,grid_0008_0007,[],134,East2c,8,"{""type"":""MultiPoint"",""coordinates"":[]}"
135,50.13348904060366,-13.315666546891844,7,grid_0009_0007,[],135,East2c,9,"{""type"":""MultiPoint"",""coordinates"":[]}"
136,50.35806683435142,-13.315666546891844,7,grid_0010_0007,[],136,East2c,10,"{""type"":""MultiPoint"",""coordinates"":[]}"
137,50.582644628099175,-13.315666546891844,7,grid_0011_0007,[],137,East2c,11,"{""type"":""MultiPoint"",""coordinates"":[]}"
138,50.80722242184693,-13.315666546891844,7,grid_0012_0007,[],138,East2c,12,"{""type"":""MultiPoint"",""coordinates"":[]}"
139,51.031800215594686,-13.315666546891844,7,grid_0013_0007,[],139,East2c,13,"{""type"":""MultiPoint"",""coordinates"":[]}"
140,51.256378009342434,-13.315666546891844,7,grid_0014_0007,[],140,East2c,14,"{""type"":""MultiPoint"",""coordinates"":[]}"
141,51.48095580309019,-13.315666546891844,7,grid_0015_0007,[],141,East2c,15,"{""type"":""MultiPoint"",""coordinates"":[]}"
142,51.705533596837945,-13.315666546891844,7,grid_0016_0007,[],142,East2c,16,"{""type"":""MultiPoint"",""coordinates"":[]}"
143,51.9301113905857,-13.315666546891844,7,grid_0017_0007,[],143,East2c,17,"{""type"":""MultiPoint"",""coordinates"":[]}"
144,48.11228889687388,-13.091088753144088,8,grid_0000_0008,[],144,East2c,0,"{""type"":""MultiPoint"",""coordinates"":[]}"
145,48.33686669062163,-13.091088753144088,8,grid_0001_0008,[],145,East2c,1,"{""type"":""MultiPoint"",""coordinates"":[]}"
146,48.56144448436939,-13.091088753144088,8,grid_0002_0008,[],146,East2c,2,"{""type"":""MultiPoint"",""coordinates"":[]}"
147,48.78602227811714,-13.091088753144088,8,grid_0003_0008,[],147,East2c,3,"{""type"":""MultiPoint"",""coordinates"":[]}"
148,49.01060007186489,-13.091088753144088,8,grid_0004_0008,[],148,East2c,4,"{""type"":""MultiPoint"",""coordinates"":[]}"
149,49.23517786561265,-13.091088753144088,8,grid_0005_0008,[],149,East2c,5,"{""type"":""MultiPoint"",""coordinates"":[]}"
150,49.459755659360404,-13.091088753144088,8,grid_0006_0008,[],150,East2c,6,"{""type"":""MultiPoint"",""coordinates"":[]}"
151,49.68433345310816,-13.091088753144088,8,grid_0007_0008,[],151,East2c,7,"{""type"":""MultiPoint"",""coordinates"":[]}"
152,49.90891124685591,-13.091088753144088,8,grid_0008_0008,[],152,East2c,8,"{""type"":""MultiPoint"",""coordinates"":[]}"
153,50.13348904060366,-13.091088753144088,8,grid_0009_0008,[],153,East2c,9,"{""type"":""MultiPoint"",""coordinates"":[]}"
154,50.35806683435142,-13.091088753144088,8,grid_0010_0008,[],154,East2c,10,"{""type"":""MultiPoint"",""coordinates"":[]}"
155,50.582644628099175,-13.091088753144088,8,grid_0011_0008,[],155,East2c,11,"{""type"":""MultiPoint"",""coordinates"":[]}"
156,50.80722242184693,-13.091088753144088,8,grid_0012_0008,[],156,East2c,12,"{""type"":""MultiPoint"",""coordinates"":[]}"
157,51.031800215594686,-13.091088753144088,8,grid_0013_0008,[],157,East2c,13,"{""type"":""MultiPoint"",""coordinates"":[]}"
158,51.256378009342434,-13.091088753144088,8,grid_0014_0008,[],158,East2c,14,"{""type"":""MultiPoint"",""coordinates"":[]}"
159,51.48095580309019,-13.091088753144088,8,grid_0015_0008,[],159,East2c,15,"{""type"":""MultiPoint"",""coordinates"":[]}"
160,51.705533596837945,-13.091088753144088,8,grid_0016_0008,[],160,East2c,16,"{""type"":""MultiPoint"",""coordinates"":[]}"
161,51.9301113905857,-13.091088753144088,8,grid_0017_0008,[],161,East2c,17,"{""type"":""MultiPoint"",""coordinates"":[]}"
162,48.11228889687388,-12.866510959396336,9,grid_0000_0009,[],162,East2c,0,"{""type"":""MultiPoint"",""coordinates"":[]}"
163,48.33686669062163,-12.866510959396336,9,grid_0001_0009,[],163,East2c,1,"{""type"":""MultiPoint"",""coordinates"":[]}"
164,48.56144448436939,-12.866510959396336,9,grid_0002_0009,[],164,East2c,2,"{""type"":""MultiPoint"",""coordinates"":[]}"
165,48.78602227811714,-12.866510959396336,9,grid_0003_0009,[],165,East2c,3,"{""type"":""MultiPoint"",""coordinates"":[]}"
166,49.01060007186489,-12.866510959396336,9,grid_0004_0009,[],166,East2c,4,"{""type"":""MultiPoint"",""coordinates"":[]}"
167,49.23517786561265,-12.866510959396336,9,grid_0005_0009,[],167,East2c,5,"{""type"":""MultiPoint"",""coordinates"":[]}"
168,49.459755659360404,-12.866510959396336,9,grid_0006_0009,[],168,East2c,6,"{""type"":""MultiPoint"",""coordinates"":[]}"
169,49.68433345310816,-12.866510959396336,9,grid_0007_0009,[],169,East2c,7,"{""type"":""MultiPoint"",""coordinates"":[]}"
170,49.90891124685591,-12.866510959396336,9,grid_0008_0009,[],170,East2c,8,"{""type"":""MultiPoint"",""coordinates"":[]}"
171,50.13348904060366,-12.866510959396336,9,grid_0009_0009,[],171,East2c,9,"{""type"":""MultiPoint"",""coordinates"":[]}"
172,50.35806683435142,-12.866510959396336,9,grid_0010_0009,[],172,East2c,10,"{""type"":""MultiPoint"",""coordinates"":[]}"
173,50.582644628099175,-12.866510959396336,9,grid_0011_0009,[],173,East2c,11,"{""type"":""MultiPoint"",""coordinates"":[]}"
174,50.80722242184693,-12.866510959396336,9,grid_0012_0009,[],174,East2c,12,"{""type"":""MultiPoint"",""coordinates"":[]}"
175,51.031800215594686,-12.866510959396336,9,grid_0013_0009,[],175,East2c,13,"{""type"":""MultiPoint"",""coordinates"":[]}"
176,51.256378009342434,-12.866510959396336,9,grid_0014_0009,[],176,East2c,14,"{""type"":""MultiPoint"",""coordinates"":[]}"
177,51.48095580309019,-12.866510959396336,9,grid_0015_0009,[],177,East2c,15,"{""type"":""MultiPoint"",""coordinates"":[]}"
178,51.705533596837945,-12.866510959396336,9,grid_0016_0009,[],178,East2c,16,"{""type"":""MultiPoint"",""coordinates"":[]}"
179,51.9301113905857,-12.866510959396336,9,grid_0017_0009,[],179,East2c,17,"{""type"":""MultiPoint"",""coordinates"":[]}"
180,48.11228889687388,-12.641933165648581,10,grid_0000_0010,[],180,East2c,0,"{""type"":""MultiPoint"",""coordinates"":[]}"
181,48.33686669062163,-12.641933165648581,10,grid_0001_0010,[],181,East2c,1,"{""type"":""MultiPoint"",""coordinates"":[]}"
182,48.56144448436939,-12.641933165648581,10,grid_0002_0010,[],182,East2c,2,"{""type"":""MultiPoint"",""coordinates"":[]}"
183,48.78602227811714,-12.641933165648581,10,grid_0003_0010,[],183,East2c,3,"{""type"":""MultiPoint"",""coordinates"":[]}"
184,49.01060007186489,-12.641933165648581,10,grid_0004_0010,[],184,East2c,4,"{""type"":""MultiPoint"",""coordinates"":[]}"
185,49.23517786561265,-12.641933165648581,10,grid_0005_0010,[],185,East2c,5,"{""type"":""MultiPoint"",""coordinates"":[]}"
186,49.459755659360404,-12.641933165648581,10,grid_0006_0010,[],186,East2c,6,"{""type"":""MultiPoint"",""coordinates"":[]}"
187,49.68433345310816,-12.641933165648581,10,grid_0007_0010,[],187,East2c,7,"{""type"":""MultiPoint"",""coordinates"":[]}"
188,49.90891124685591,-12.641933165648581,10,grid_0008_0010,[],188,East2c,8,"{""type"":""MultiPoint"",""coordinates"":[]}"
189,50.13348904060366,-12.641933165648581,10,grid_0009_0010,[],189,East2c,9,"{""type"":""MultiPoint"",""coordinates"":[]}"
190,50.35806683435142,-12.641933165648581,10,grid_0010_0010,[],190,East2c,10,"{""type"":""MultiPoint"",""coordinates"":[]}"
191,50.582644628099175,-12.641933165648581,10,grid_0011_0010,[],191,East2c,11,"{""type"":""MultiPoint"",""coordinates"":[]}"
192,50.80722242184693,-12.641933165648581,10,grid_0012_0010,[],192,East2c,12,"{""type"":""MultiPoint"",""coordinates"":[]}"
193,51.031800215594686,-12.641933165648581,10,grid_0013_0010,[],193,East2c,13,"{""type"":""MultiPoint"",""coordinates"":[]}"
194,51.256378009342434,-12.641933165648581,10,grid_0014_0010,[],194,East2c,14,"{""type"":""MultiPoint"",""coordinates"":[]}"
195,51.48095580309019,-12.641933165648581,10,grid_0015_0010,[],195,East2c,15,"{""type"":""MultiPoint"",""coordinates"":[]}"
196,51.705533596837945,-12.641933165648581,10,grid_0016_0010,[],196,East2c,16,"{""type"":""MultiPoint"",""coordinates"":[]}"
197,51.9301113905857,-12.641933165648581,10,grid_0017_0010,[],197,East2c,17,"{""type"":""MultiPoint"",""coordinates"":[]}"
198,48.11228889687388,-12.417355371900825,11,grid_0000_0011,[],198,East2c,0,"{""type"":""MultiPoint"",""coordinates"":[]}"
199,48.33686669062163,-12.417355371900825,11,grid_0001_0011,[],199,East2c,1,"{""type"":""MultiPoint"",""coordinates"":[]}"
200,48.56144448436939,-12.417355371900825,11,grid_0002_0011,[],200,East2c,2,"{""type"":""MultiPoint"",""coordinates"":[]}"
201,48.78602227811714,-12.417355371900825,11,grid_0003_0011,[],201,East2c,3,"{""type"":""MultiPoint"",""coordinates"":[]}"
202,49.01060007186489,-12.417355371900825,11,grid_0004_0011,[],202,East2c,4,"{""type"":""MultiPoint"",""coordinates"":[]}"
203,49.23517786561265,-12.417355371900825,11,grid_0005_0011,[],203,East2c,5,"{""type"":""MultiPoint"",""coordinates"":[]}"
204,49.459755659360404,-12.417355371900825,11,grid_0006_0011,[],204,East2c,6,"{""type"":""MultiPoint"",""coordinates"":[]}"
205,49.68433345310816,-12.417355371900825,11,grid_0007_0011,[],205,East2c,7,"{""type"":""MultiPoint"",""coordinates"":[]}"
206,49.90891124685591,-12.417355371900825,11,grid_0008_0011,[],206,East2c,8,"{""type"":""MultiPoint"",""coordinates"":[]}"
207,50.13348904060366,-12.417355371900825,11,grid_0009_0011,[],207,East2c,9,"{""type"":""MultiPoint"",""coordinates"":[]}"
208,50.35806683435142,-12.417355371900825,11,grid_0010_0011,[],208,East2c,10,"{""type"":""MultiPoint"",""coordinates"":[]}"
209,50.582644628099175,-12.417355371900825,11,grid_0011_0011,[],209,East2c,11,"{""type"":""MultiPoint"",""coordinates"":[]}"
210,50.80722242184693,-12.417355371900825,11,grid_0012_0011,[],210,East2c,12,"{""type"":""MultiPoint"",""coordinates"":[]}"
211,51.031800215594686,-12.417355371900825,11,grid_0013_0011,[],211,East2c,13,"{""type"":""MultiPoint"",""coordinates"":[]}"
212,51.256378009342434,-12.417355371900825,11,grid_0014_0011,[],212,East2c,14,"{""type"":""MultiPoint"",""coordinates"":[]}"
213,51.48095580309019,-12.417355371900825,11,grid_0015_0011,[],213,East2c,15,"{""type"":""MultiPoint"",""coordinates"":[]}"
214,51.705533596837945,-12.417355371900825,11,grid_0016_0011,[],214,East2c,16,"{""type"":""MultiPoint"",""coordinates"":[]}"
215,51.9301113905857,-12.417355371900825,11,grid_0017_0011,[],215,East2c,17,"{""type"":""MultiPoint"",""coordinates"":[]}"
216,48.11228889687388,-12.192777578153073,12,grid_0000_0012,[],216,East2c,0,"{""type"":""MultiPoint"",""coordinates"":[]}"
217,48.33686669062163,-12.192777578153073,12,grid_0001_0012,[],217,East2c,1,"{""type"":""MultiPoint"",""coordinates"":[]}"
218,48.56144448436939,-12.192777578153073,12,grid_0002_0012,[],218,East2c,2,"{""type"":""MultiPoint"",""coordinates"":[]}"
219,48.78602227811714,-12.192777578153073,12,grid_0003_0012,[],219,East2c,3,"{""type"":""MultiPoint"",""coordinates"":[]}"
220,49.01060007186489,-12.192777578153073,12,grid_0004_0012,[],220,East2c,4,"{""type"":""MultiPoint"",""coordinates"":[]}"
221,49.23517786561265,-12.192777578153073,12,grid_0005_0012,[],221,East2c,5,"{""type"":""MultiPoint"",""coordinates"":[]}"
222,49.459755659360404,-12.192777578153073,12,grid_0006_0012,[],222,East2c,6,"{""type"":""MultiPoint"",""coordinates"":[]}"
223,49.68433345310816,-12.192777578153073,12,grid_0007_0012,[],223,East2c,7,"{""type"":""MultiPoint"",""coordinates"":[]}"
224,49.90891124685591,-12.192777578153073,12,grid_0008_0012,[],224,East2c,8,"{""type"":""MultiPoint"",""coordinates"":[]}"
225,50.13348904060366,-12.192777578153073,12,grid_0009_0012,[],225,East2c,9,"{""type"":""MultiPoint"",""coordinates"":[]}"
226,50.35806683435142,-12.192777578153073,12,grid_0010_0012,[],226,East2c,10,"{""type"":""MultiPoint"",""coordinates"":[]}"
227,50.582644628099175,-12.192777578153073,12,grid_0011_0012,[],227,East2c,11,"{""type"":""MultiPoint"",""coordinates"":[]}"
228,50.80722242184693,-12.192777578153073,12,grid_0012_0012,[],228,East2c,12,"{""type"":""MultiPoint"",""coordinates"":[]}"
229,51.031800215594686,-12.192777578153073,12,grid_0013_0012,[],229,East2c,13,"{""type"":""MultiPoint"",""coordinates"":[]}"
230,51.256378009342434,-12.192777578153073,12,grid_0014_0012,[],230,East2c,14,"{""type"":""MultiPoint"",""coordinates"":[]}"
231,51.48095580309019,-12.192777578153073,12,grid_0015_0012,[],231,East2c,15,"{""type"":""MultiPoint"",""coordinates"":[]}"
232,51.705533596837945,-12.192777578153073,12,grid_0016_0012,[],232,East2c,16,"{""type"":""MultiPoint"",""coordinates"":[]}"
233,51.9301113905857,-12.192777578153073,12,grid_0017_0012,[],233,East2c,17,"{""type"":""MultiPoint"",""coordinates"":[]}"
234,48.11228889687388,-11.968199784405318,13,grid_0000_0013,[],234,East2c,0,"{""type"":""MultiPoint"",""coordinates"":[]}"
235,48.33686669062163,-11.968199784405318,13,grid_0001_0013,[],235,East2c,1,"{""type"":""MultiPoint"",""coordinates"":[]}"
236,48.56144448436939,-11.968199784405318,13,grid_0002_0013,[],236,East2c,2,"{""type"":""MultiPoint"",""coordinates"":[]}"
237,48.78602227811714,-11.968199784405318,13,grid_0003_0013,[],237,East2c,3,"{""type"":""MultiPoint"",""coordinates"":[]}"
238,49.01060007186489,-11.968199784405318,13,grid_0004_0013,[],238,East2c,4,"{""type"":""MultiPoint"",""coordinates"":[]}"
239,49.23517786561265,-11.968199784405318,13,grid_0005_0013,[],239,East2c,5,"{""type"":""MultiPoint"",""coordinates"":[]}"
240,49.459755659360404,-11.968199784405318,13,grid_0006_0013,[],240,East2c,6,"{""type"":""MultiPoint"",""coordinates"":[]}"
241,49.68433345310816,-11.968199784405318,13,grid_0007_0013,[],241,East2c,7,"{""type"":""MultiPoint"",""coordinates"":[]}"
242,49.90891124685591,-11.968199784405318,13,grid_0008_0013,[],242,East2c,8,"{""type"":""MultiPoint"",""coordinates"":[]}"
243,50.13348904060366,-11.968199784405318,13,grid_0009_0013,[],243,East2c,9,"{""type"":""MultiPoint"",""coordinates"":[]}"
244,50.35806683435142,-11.968199784405318,13,grid_0010_0013,[],244,East2c,10,"{""type"":""MultiPoint"",""coordinates"":[]}"
245,50.582644628099175,-11.968199784405318,13,grid_0011_0013,[],245,East2c,11,"{""type"":""MultiPoint"",""coordinates"":[]}"
246,50.80722242184693,-11.968199784405318,13,grid_0012_0013,[],246,East2c,12,"{""type"":""MultiPoint"",""coordinates"":[]}"
247,51.031800215594686,-11.968199784405318,13,grid_0013_0013,[],247,East2c,13,"{""type"":""MultiPoint"",""coordinates"":[]}"
248,51.256378009342434,-11.968199784405318,13,grid_0014_0013,[],248,East2c,14,"{""type"":""MultiPoint"",""coordinates"":[]}"
249,51.48095580309019,-11.968199784405318,13,grid_0015_0013,[],249,East2c,15,"{""type"":""MultiPoint"",""coordinates"":[]}"
250,51.705533596837945,-11.968199784405318,13,grid_0016_0013,[],250,East2c,16,"{""type"":""MultiPoint"",""coordinates"":[]}"
251,51.9301113905857,-11.968199784405318,13,grid_0017_0013,[],251,East2c,17,"{""type"":""MultiPoint"",""coordinates"":[]}"
252,48.11228889687388,-11.743621990657562,14,grid_0000_0014,[],252,East2c,0,"{""type"":""MultiPoint"",""coordinates"":[]}"
253,48.33686669062163,-11.743621990657562,14,grid_0001_0014,[],253,East2c,1,"{""type"":""MultiPoint"",""coordinates"":[]}"
254,48.56144448436939,-11.743621990657562,14,grid_0002_0014,[],254,East2c,2,"{""type"":""MultiPoint"",""coordinates"":[]}"
255,48.78602227811714,-11.743621990657562,14,grid_0003_0014,[],255,East2c,3,"{""type"":""MultiPoint"",""coordinates"":[]}"
256,49.01060007186489,-11.743621990657562,14,grid_0004_0014,[],256,East2c,4,"{""type"":""MultiPoint"",""coordinates"":[]}"
257,49.23517786561265,-11.743621990657562,14,grid_0005_0014,[],257,East2c,5,"{""type"":""MultiPoint"",""coordinates"":[]}"
258,49.459755659360404,-11.743621990657562,14,grid_0006_0014,[],258,East2c,6,"{""type"":""MultiPoint"",""coordinates"":[]}"
259,49.68433345310816,-11.743621990657562,14,grid_0007_0014,[],259,East2c,7,"{""type"":""MultiPoint"",""coordinates"":[]}"
260,49.90891124685591,-11.743621990657562,14,grid_0008_0014,[],260,East2c,8,"{""type"":""MultiPoint"",""coordinates"":[]}"
261,50.13348904060366,-11.743621990657562,14,grid_0009_0014,[],261,East2c,9,"{""type"":""MultiPoint"",""coordinates"":[]}"
262,50.35806683435142,-11.743621990657562,14,grid_0010_0014,[],262,East2c,10,"{""type"":""MultiPoint"",""coordinates"":[]}"
263,50.582644628099175,-11.743621990657562,14,grid_0011_0014,[],263,East2c,11,"{""type"":""MultiPoint"",""coordinates"":[]}"
264,50.80722242184693,-11.743621990657562,14,grid_0012_0014,[],264,East2c,12,"{""type"":""MultiPoint"",""coordinates"":[]}"
265,51.031800215594686,-11.743621990657562,14,grid_0013_0014,[],265,East2c,13,"{""type"":""MultiPoint"",""coordinates"":[]}"
266,51.256378009342434,-11.743621990657562,14,grid_0014_0014,[],266,East2c,14,"{""type"":""MultiPoint"",""coordinates"":[]}"
267,51.48095580309019,-11.743621990657562,14,grid_0015_0014,[],267,East2c,15,"{""type"":""MultiPoint"",""coordinates"":[]}"
268,51.705533596837945,-11.743621990657562,14,grid_0016_0014,[],268,East2c,16,"{""type"":""MultiPoint"",""coordinates"":[]}"
269,51.9301113905857,-11.743621990657562,14,grid_0017_0014,[],269,East2c,17,"{""type"":""MultiPoint"",""coordinates"":[]}"
270,48.11228889687388,-11.51904419690981,15,grid_0000_0015,[],270,East2c,0,"{""type"":""MultiPoint"",""coordinates"":[]}"
271,48.33686669062163,-11.51904419690981,15,grid_0001_0015,[],271,East2c,1,"{""type"":""MultiPoint"",""coordinates"":[]}"
272,48.56144448436939,-11.51904419690981,15,grid_0002_0015,[],272,East2c,2,"{""type"":""MultiPoint"",""coordinates"":[]}"
273,48.78602227811714,-11.51904419690981,15,grid_0003_0015,[],273,East2c,3,"{""type"":""MultiPoint"",""coordinates"":[]}"
274,49.01060007186489,-11.51904419690981,15,grid_0004_0015,[],274,East2c,4,"{""type"":""MultiPoint"",""coordinates"":[]}"
275,49.23517786561265,-11.51904419690981,15,grid_0005_0015,[],275,East2c,5,"{""type"":""MultiPoint"",""coordinates"":[]}"
276,49.459755659360404,-11.51904419690981,15,grid_0006_0015,[],276,East2c,6,"{""type"":""MultiPoint"",""coordinates"":[]}"
277,49.68433345310816,-11.51904419690981,15,grid_0007_0015,[],277,East2c,7,"{""type"":""MultiPoint"",""coordinates"":[]}"
278,49.90891124685591,-11.51904419690981,15,grid_0008_0015,[],278,East2c,8,"{""type"":""MultiPoint"",""coordinates"":[]}"
279,50.13348904060366,-11.51904419690981,15,grid_0009_0015,[],279,East2c,9,"{""type"":""MultiPoint"",""coordinates"":[]}"
280,50.35806683435142,-11.51904419690981,15,grid_0010_0015,[],280,East2c,10,"{""type"":""MultiPoint"",""coordinates"":[]}"
281,50.582644628099175,-11.51904419690981,15,grid_0011_0015,[],281,East2c,11,"{""type"":""MultiPoint"",""coordinates"":[]}"
282,50.80722242184693,-11.51904419690981,15,grid_0012_0015,[],282,East2c,12,"{""type"":""MultiPoint"",""coordinates"":[]}"
283,51.031800215594686,-11.51904419690981,15,grid_0013_0015,[],283,East2c,13,"{""type"":""MultiPoint"",""coordinates"":[]}"
284,51.256378009342434,-11.51904419690981,15,grid_0014_0015,[],284,East2c,14,"{""type"":""MultiPoint"",""coordinates"":[]}"
285,51.48095580309019,-11.51904419690981,15,grid_0015_0015,[],285,East2c,15,"{""type"":""MultiPoint"",""coordinates"":[]}"
286,51.705533596837945,-11.51904419690981,15,grid_0016_0015,[],286,East2c,16,"{""type"":""MultiPoint"",""coordinates"":[]}"
287,51.9301113905857,-11.51904419690981,15,grid_0017_0015,[],287,East2c,17,"{""type"":""MultiPoint"",""coordinates"":[]}"
288,48.11228889687388,-11.294466403162055,16,grid_0000_0016,[],288,East2c,0,"{""type"":""MultiPoint"",""coordinates"":[]}"
289,48.33686669062163,-11.294466403162055,16,grid_0001_0016,[],289,East2c,1,"{""type"":""MultiPoint"",""coordinates"":[]}"
290,48.56144448436939,-11.294466403162055,16,grid_0002_0016,[],290,East2c,2,"{""type"":""MultiPoint"",""coordinates"":[]}"
291,48.78602227811714,-11.294466403162055,16,grid_0003_0016,[],291,East2c,3,"{""type"":""MultiPoint"",""coordinates"":[]}"
292,49.01060007186489,-11.294466403162055,16,grid_0004_0016,[],292,East2c,4,"{""type"":""MultiPoint"",""coordinates"":[]}"
293,49.23517786561265,-11.294466403162055,16,grid_0005_0016,[],293,East2c,5,"{""type"":""MultiPoint"",""coordinates"":[]}"
294,49.459755659360404,-11.294466403162055,16,grid_0006_0016,[],294,East2c,6,"{""type"":""MultiPoint"",""coordinates"":[]}"
295,49.68433345310816,-11.294466403162055,16,grid_0007_0016,[],295,East2c,7,"{""type"":""MultiPoint"",""coordinates"":[]}"
296,49.90891124685591,-11.294466403162055,16,grid_0008_0016,[],296,East2c,8,"{""type"":""MultiPoint"",""coordinates"":[]}"
297,50.13348904060366,-11.294466403162055,16,grid_0009_0016,[],297,East2c,9,"{""type"":""MultiPoint"",""coordinates"":[]}"
298,50.35806683435142,-11.294466403162055,16,grid_0010_0016,[],298,East2c,10,"{""type"":""MultiPoint"",""coordinates"":[]}"
299,50.582644628099175,-11.294466403162055,16,grid_0011_0016,[],299,East2c,11,"{""type"":""MultiPoint"",""coordinates"":[]}"
300,50.80722242184693,-11.294466403162055,16,grid_0012_0016,[],300,East2c,12,"{""type"":""MultiPoint"",""coordinates"":[]}"
301,51.031800215594686,-11.294466403162055,16,grid_0013_0016,[],301,East2c,13,"{""type"":""MultiPoint"",""coordinates"":[]}"
302,51.256378009342434,-11.294466403162055,16,grid_0014_0016,[],302,East2c,14,"{""type"":""MultiPoint"",""coordinates"":[]}"
303,51.48095580309019,-11.294466403162055,16,grid_0015_0016,[],303,East2c,15,"{""type"":""MultiPoint"",""coordinates"":[]}"
304,51.705533596837945,-11.294466403162055,16,grid_0016_0016,[],304,East2c,16,"{""type"":""MultiPoint"",""coordinates"":[]}"
305,51.9301113905857,-11.294466403162055,16,grid_0017_0016,[],305,East2c,17,"{""type"":""MultiPoint"",""coordinates"":[]}"
306,48.11228889687388,-11.069888609414303,17,grid_0000_0017,[],306,East2c,0,"{""type"":""MultiPoint"",""coordinates"":[]}"
307,48.33686669062163,-11.069888609414303,17,grid_0001_0017,[],307,East2c,1,"{""type"":""MultiPoint"",""coordinates"":[]}"
308,48.56144448436939,-11.069888609414303,17,grid_0002_0017,[],308,East2c,2,"{""type"":""MultiPoint"",""coordinates"":[]}"
309,48.78602227811714,-11.069888609414303,17,grid_0003_0017,[],309,East2c,3,"{""type"":""MultiPoint"",""coordinates"":[]}"
310,49.01060007186489,-11.069888609414303,17,grid_0004_0017,[],310,East2c,4,"{""type"":""MultiPoint"",""coordinates"":[]}"
311,49.23517786561265,-11.069888609414303,17,grid_0005_0017,[],311,East2c,5,"{""type"":""MultiPoint"",""coordinates"":[]}"
312,49.459755659360404,-11.069888609414303,17,grid_0006_0017,[],312,East2c,6,"{""type"":""MultiPoint"",""coordinates"":[]}"
313,49.68433345310816,-11.069888609414303,17,grid_0007_0017,[],313,East2c,7,"{""type"":""MultiPoint"",""coordinates"":[]}"
314,49.90891124685591,-11.069888609414303,17,grid_0008_0017,[],314,East2c,8,"{""type"":""MultiPoint"",""coordinates"":[]}"
315,50.13348904060366,-11.069888609414303,17,grid_0009_0017,[],315,East2c,9,"{""type"":""MultiPoint"",""coordinates"":[]}"
316,50.35806683435142,-11.069888609414303,17,grid_0010_0017,[],316,East2c,10,"{""type"":""MultiPoint"",""coordinates"":[]}"
317,50.582644628099175,-11.069888609414303,17,grid_0011_0017,[],317,East2c,11,"{""type"":""MultiPoint"",""coordinates"":[]}"
318,50.80722242184693,-11.069888609414303,17,grid_0012_0017,[],318,East2c,12,"{""type"":""MultiPoint"",""coordinates"":[]}"
319,51.031800215594686,-11.069888609414303,17,grid_0013_0017,"[{treecover_class=1, mean=[59.57112970711297, 25.57112970711297, 0.25313807531380755, -9.786610878661087], median=[68.0, 19.0, 0.0, -11.0], stdDev=[15.24106295505665, 8.584287972802402, 1.4866068747318506, 2.4819347291981715], min=[32, 16, -2, -13], max=[72, 37, 2, -6], count=[10, 10, 10, 10], p10=[32.0, 16.0, -2.0, -13.0], p25=[51.0, 17.0, -1.0, -11.0], p75=[71.0, 34.0, 2.0, -7.0], p90=[72.0, 37.0, 2.0, -6.0]}]",319,East2c,13,"{""type"":""MultiPoint"",""coordinates"":[]}"
320,51.256378009342434,-11.069888609414303,17,grid_0014_0017,"[{treecover_class=1, mean=[50.264631043257005, 26.21374045801527, 0.5674300254452926, -11.297709923664122], median=[48.0, 26.0, 1.0, -10.0], stdDev=[8.212186067059132, 3.7094473981982863, 1.3564659966250536, 1.4696938456699038], min=[47, 24, -1, -13], max=[68, 34, 2, -10], count=[5, 5, 5, 5], p10=[47.0, 24.0, -1.0, -13.0], p25=[47.0, 24.0, -1.0, -13.0], p75=[48.0, 26.0, 2.0, -10.0], p90=[68.0, 34.0, 2.0, -10.0]}]",320,East2c,14,"{""type"":""MultiPoint"",""coordinates"":[]}"
321,51.48095580309019,-11.069888609414303,17,grid_0015_0017,"[{treecover_class=1, mean=[571.5384615384615, 300.61538461538464, -4.923076923076923, -10.615384615384615], median=[570.0, 296.0, -4.0, -13.0], stdDev=[123.52490585652725, 67.95194960868531, 3.1491522293013414, 6.318939316280877], min=[408, 194, -14, -16], max=[779, 403, 0, 10], count=[13, 13, 13, 13], p10=[408.0, 194.0, -7.0, -14.0], p25=[484.0, 260.0, -6.0, -14.0], p75=[675.0, 373.0, -4.0, -10.0], p90=[715.0, 403.0, -3.0, -8.0]}]",321,East2c,15,"{""type"":""MultiPoint"",""coordinates"":[]}"
322,51.705533596837945,-11.069888609414303,17,grid_0016_0017,"[{treecover_class=1, mean=[57.0, 27.5, 0.5, -10.25], median=[56.0, 26.0, 0.0, -10.0], stdDev=[19.05255888325765, 8.760707733967616, 0.8660254037844386, 0.4330127018922193], min=[38, 19, 0, -11], max=[78, 39, 2, -10], count=[4, 4, 4, 4], p10=[38.0, 19.0, 0.0, -11.0], p25=[38.0, 19.0, 0.0, -10.5], p75=[76.0, 36.0, 1.0, -10.0], p90=[78.0, 39.0, 2.0, -10.0]}]",322,East2c,16,"{""type"":""MultiPoint"",""coordinates"":[]}"
323,51.9301113905857,-11.069888609414303,17,grid_0017_0017,[],323,East2c,17,"{""type"":""MultiPoint"",""coordinates"":[]}"
324,48.11228889687388,-10.845310815666547,18,grid_0000_0018,[],324,East2c,0,"{""type"":""MultiPoint"",""coordinates"":[]}"
325,48.33686669062163,-10.845310815666547,18,grid_0001_0018,[],325,East2c,1,"{""type"":""MultiPoint"",""coordinates"":[]}"
326,48.56144448436939,-10.845310815666547,18,grid_0002_0018,[],326,East2c,2,"{""type"":""MultiPoint"",""coordinates"":[]}"
327,48.78602227811714,-10.845310815666547,18,grid_0003_0018,[],327,East2c,3,"{""type"":""MultiPoint"",""coordinates"":[]}"
328,49.01060007186489,-10.845310815666547,18,grid_0004_0018,[],328,East2c,4,"{""type"":""MultiPoint"",""coordinates"":[]}"
329,49.23517786561265,-10.845310815666547,18,grid_0005_0018,[],329,East2c,5,"{""type"":""MultiPoint"",""coordinates"":[]}"
330,49.459755659360404,-10.845310815666547,18,grid_0006_0018,[],330,East2c,6,"{""type"":""MultiPoint"",""coordinates"":[]}"
331,49.68433345310816,-10.845310815666547,18,grid_0007_0018,[],331,East2c,7,"{""type"":""MultiPoint"",""coordinates"":[]}"
332,49.90891124685591,-10.845310815666547,18,grid_0008_0018,[],332,East2c,8,"{""type"":""MultiPoint"",""coordinates"":[]}"
333,50.13348904060366,-10.845310815666547,18,grid_0009_0018,[],333,East2c,9,"{""type"":""MultiPoint"",""coordinates"":[]}"
334,50.35806683435142,-10.845310815666547,18,grid_0010_0018,[],334,East2c,10,"{""type"":""MultiPoint"",""coordinates"":[]}"
335,50.582644628099175,-10.845310815666547,18,grid_0011_0018,[],335,East2c,11,"{""type"":""MultiPoint"",""coordinates"":[]}"
336,50.80722242184693,-10.845310815666547,18,grid_0012_0018,[],336,East2c,12,"{""type"":""MultiPoint"",""coordinates"":[]}"
337,51.031800215594686,-10.845310815666547,18,grid_0013_0018,"[{treecover_class=1, mean=[81.34545454545454, 40.03636363636364, -0.45454545454545453, -6.0], median=[85.0, 39.0, 0.0, -10.0], stdDev=[27.689983868026538, 17.082647906695623, 4.964668557345749, 18.58249420581346], min=[33, 8, -24, -12], max=[183, 102, 5, 89], count=[55, 55, 55, 55], p10=[49.0, 17.0, -1.0, -11.0], p25=[56.0, 28.0, -1.0, -11.0], p75=[95.0, 50.0, 1.0, -9.0], p90=[117.0, 59.0, 3.0, -6.0]}]",337,East2c,13,"{""type"":""MultiPoint"",""coordinates"":[]}"
338,51.256378009342434,-10.845310815666547,18,grid_0014_0018,"[{treecover_class=1, mean=[62.395348837209305, 32.116279069767444, 0.627906976744186, -9.767441860465116], median=[56.0, 29.0, 1.0, -10.0], stdDev=[24.426576771731433, 15.424548996196728, 2.7196379360081337, 1.507148999629732], min=[30, 13, -8, -12], max=[112, 69, 6, -6], count=[43, 43, 43, 43], p10=[35.0, 13.0, -3.0, -11.0], p25=[41.0, 20.0, 0.0, -11.0], p75=[81.0, 43.0, 2.0, -9.0], p90=[103.0, 52.0, 3.0, -8.0]}]",338,East2c,14,"{""type"":""MultiPoint"",""coordinates"":[]}"
339,51.48095580309019,-10.845310815666547,18,grid_0015_0018,"[{treecover_class=1, mean=[653.1111111111111, 365.1111111111111, -3.2222222222222223, -10.777777777777779], median=[718.0, 346.0, -5.0, -11.0], stdDev=[121.58074084002732, 49.473774072610084, 5.0061690338083595, 3.0832082056692482], min=[454, 307, -7, -14], max=[782, 429, 6, -3], count=[9, 9, 9, 9], p10=[454.0, 307.0, -7.0, -14.0], p25=[611.0, 310.0, -7.0, -12.0], p75=[733.0, 406.0, -5.0, -10.0], p90=[782.0, 429.0, 6.0, -3.0]}]",339,East2c,15,"{""type"":""MultiPoint"",""coordinates"":[]}"
340,51.705533596837945,-10.845310815666547,18,grid_0016_0018,"[{treecover_class=1, mean=[103.38931297709924, 46.62595419847328, -0.29770992366412213, -2.515267175572519], median=[94.46153846153847, 44.0, -1.0, -9.897142857142857], stdDev=[41.62932989085444, 20.937141794721008, 8.089852900170069, 71.73300365044585], min=[30, 12, -11, -14], max=[370, 164, 88, 814], count=[262, 262, 262, 262], p10=[62.5, 23.0, -4.0, -9.897142857142857], p25=[76.83333333333333, 34.0, -2.0, -9.897142857142857], p75=[122.28571428571429, 57.0, 1.0, -7.544303797468355], p90=[152.5, 67.0, 2.0, -7.544303797468355]}]",340,East2c,16,"{""type"":""MultiPoint"",""coordinates"":[]}"
341,51.9301113905857,-10.845310815666547,18,grid_0017_0018,"[{treecover_class=1, mean=[73.0, 39.0, 0.0, -10.0], median=[73.0, 39.0, 0.0, -10.0], stdDev=[0.0, 0.0, 0.0, 0.0], min=[73, 39, 0, -10], max=[73, 39, 0, -10], count=[2, 2, 2, 2], p10=[73.0, 39.0, 0.0, -10.0], p25=[73.0, 39.0, 0.0, -10.0], p75=[73.0, 39.0, 0.0, -10.0], p90=[73.0, 39.0, 0.0, -10.0]}]",341,East2c,17,"{""type"":""MultiPoint"",""coordinates"":[]}"
342,48.11228889687388,-10.620733021918792,19,grid_0000_0019,[],342,East2c,0,"{""type"":""MultiPoint"",""coordinates"":[]}"
343,48.33686669062163,-10.620733021918792,19,grid_0001_0019,[],343,East2c,1,"{""type"":""MultiPoint"",""coordinates"":[]}"
344,48.56144448436939,-10.620733021918792,19,grid_0002_0019,[],344,East2c,2,"{""type"":""MultiPoint"",""coordinates"":[]}"
345,48.78602227811714,-10.620733021918792,19,grid_0003_0019,[],345,East2c,3,"{""type"":""MultiPoint"",""coordinates"":[]}"
346,49.01060007186489,-10.620733021918792,19,grid_0004_0019,[],346,East2c,4,"{""type"":""MultiPoint"",""coordinates"":[]}"
347,49.23517786561265,-10.620733021918792,19,grid_0005_0019,[],347,East2c,5,"{""type"":""MultiPoint"",""coordinates"":[]}"
348,49.459755659360404,-10.620733021918792,19,grid_0006_0019,[],348,East2c,6,"{""type"":""MultiPoint"",""coordinates"":[]}"
349,49.68433345310816,-10.620733021918792,19,grid_0007_0019,[],349,East2c,7,"{""type"":""MultiPoint"",""coordinates"":[]}"
350,49.90891124685591,-10.620733021918792,19,grid_0008_0019,[],350,East2c,8,"{""type"":""MultiPoint"",""coordinates"":[]}"
351,50.13348904060366,-10.620733021918792,19,grid_0009_0019,[],351,East2c,9,"{""type"":""MultiPoint"",""coordinates"":[]}"
352,50.35806683435142,-10.620733021918792,19,grid_0010_0019,[],352,East2c,10,"{""type"":""MultiPoint"",""coordinates"":[]}"
353,50.582644628099175,-10.620733021918792,19,grid_0011_0019,[],353,East2c,11,"{""type"":""MultiPoint"",""coordinates"":[]}"
354,50.80722242184693,-10.620733021918792,19,grid_0012_0019,[],354,East2c,12,"{""type"":""MultiPoint"",""coordinates"":[]}"
355,51.031800215594686,-10.620733021918792,19,grid_0013_0019,"[{treecover_class=1, mean=[87.83673469387755, 45.83673469387755, 1.2244897959183674, -10.020408163265307], median=[83.0, 44.0, 1.0, -10.0], stdDev=[25.737566396838165, 15.945502774310098, 1.4035713358407673, 1.4068316685399238], min=[41, 17, -2, -13], max=[156, 98, 6, -5], count=[49, 49, 49, 49], p10=[52.0, 23.0, -1.0, -11.0], p25=[73.0, 35.0, 0.0, -11.0], p75=[107.0, 53.0, 2.0, -9.0], p90=[125.0, 66.0, 3.0, -8.0]}]",355,East2c,13,"{""type"":""MultiPoint"",""coordinates"":[]}"
356,51.256378009342434,-10.620733021918792,19,grid_0014_0019,"[{treecover_class=1, mean=[374.17391304347825, 174.66666666666666, -2.7681159420289854, -8.376811594202898], median=[314.0, 174.0, -2.0, -10.0], stdDev=[320.41345375694857, 141.2718282907071, 4.612977684423829, 6.1150833932606545], min=[49, 10, -15, -16], max=[1001, 441, 5, 20], count=[69, 69, 69, 69], p10=[76.0, 36.0, -8.0, -13.0], p25=[90.0, 44.0, -6.0, -11.0], p75=[666.0, 275.0, 1.0, -8.0], p90=[881.0, 404.0, 3.0, -4.0]}]",356,East2c,14,"{""type"":""MultiPoint"",""coordinates"":[]}"
357,51.48095580309019,-10.620733021918792,19,grid_0015_0019,"[{treecover_class=1, mean=[639.4423076923077, 293.1923076923077, -5.903846153846154, -5.480769230769231], median=[717.5, 326.0, -6.0, -9.0], stdDev=[246.53462960540563, 113.36853424214772, 5.141309378959558, 12.164719454565487], min=[58, 21, -23, -15], max=[916, 416, 3, 50], count=[52, 52, 52, 52], p10=[110.0, 54.0, -11.0, -14.0], p25=[540.0, 265.5, -9.0, -11.0], p75=[824.5, 367.5, -3.0, -4.0], p90=[858.0, 401.0, 1.0, 3.0]}]",357,East2c,15,"{""type"":""MultiPoint"",""coordinates"":[]}"
358,51.705533596837945,-10.620733021918792,19,grid_0016_0019,"[{treecover_class=1, mean=[124.19523087965547, 54.48512640561448, 0.3948480740090916, -7.169391498524603], median=[104.45132743362832, 49.0, 1.0, -9.0], stdDev=[70.674965802017, 29.984046553005136, 3.8931678022146734, 4.735673766475422], min=[32, 13, -13, -16], max=[417, 147, 13, 17], count=[249, 249, 249, 249], p10=[50.8, 19.0, -4.0, -11.0], p25=[79.0, 32.0, -2.0, -10.0], p75=[155.0, 77.0, 3.0, -6.0], p90=[210.0, 100.0, 5.0, -1.0]}, {treecover_class=2, mean=[215.0, 70.0, -4.0, -9.0], median=[215.0, 70.0, -4.0, -9.0], stdDev=[0.0, 0.0, 0.0, 0.0], min=[215, 70, -4, -9], max=[215, 70, -4, -9], count=[1, 1, 1, 1], p10=[215.0, 70.0, -4.0, -9.0], p25=[215.0, 70.0, -4.0, -9.0], p75=[215.0, 70.0, -4.0, -9.0], p90=[215.0, 70.0, -4.0, -9.0]}, {treecover_class=3, mean=[224.0, 87.0, -2.0, -10.0], median=[224.0, 87.0, -2.0, -10.0], stdDev=[0.0, 0.0, 0.0, 0.0], min=[224, 87, -2, -10], max=[224, 87, -2, -10], count=[2, 2, 2, 2], p10=[224.0, 87.0, -2.0, -10.0], p25=[224.0, 87.0, -2.0, -10.0], p75=[224.0, 87.0, -2.0, -10.0], p90=[224.0, 87.0, -2.0, -10.0]}]",358,East2c,16,"{""type"":""MultiPoint"",""coordinates"":[]}"
359,51.9301113905857,-10.620733021918792,19,grid_0017_0019,"[{treecover_class=1, mean=[124.75, 51.25, 1.25, -2.5], median=[113.0, 50.5, 1.5, 0.0], stdDev=[64.37148048631475, 25.498774480354932, 3.5619517121937516, 4.330127018922194], min=[50, 19, -4, -10], max=[223, 85, 6, 0], count=[4, 4, 4, 4], p10=[50.0, 19.0, -4.0, -10.0], p25=[70.0, 27.5, -1.5, -5.0], p75=[179.5, 75.0, 4.0, 0.0], p90=[223.0, 85.0, 6.0, 0.0]}]",359,East2c,17,"{""type"":""MultiPoint"",""coordinates"":[]}"
360,48.11228889687388,-10.39615522817104,20,grid_0000_0020,[],360,East2c,0,"{""type"":""MultiPoint"",""coordinates"":[]}"
361,48.33686669062163,-10.39615522817104,20,grid_0001_0020,[],361,East2c,1,"{""type"":""MultiPoint"",""coordinates"":[]}"
362,48.56144448436939,-10.39615522817104,20,grid_0002_0020,[],362,East2c,2,"{""type"":""MultiPoint"",""coordinates"":[]}"
363,48.78602227811714,-10.39615522817104,20,grid_0003_0020,[],363,East2c,3,"{""type"":""MultiPoint"",""coordinates"":[]}"
364,49.01060007186489,-10.39615522817104,20,grid_0004_0020,[],364,East2c,4,"{""type"":""MultiPoint"",""coordinates"":[]}"
365,49.23517786561265,-10.39615522817104,20,grid_0005_0020,[],365,East2c,5,"{""type"":""MultiPoint"",""coordinates"":[]}"
366,49.459755659360404,-10.39615522817104,20,grid_0006_0020,[],366,East2c,6,"{""type"":""MultiPoint"",""coordinates"":[]}"
367,49.68433345310816,-10.39615522817104,20,grid_0007_0020,[],367,East2c,7,"{""type"":""MultiPoint"",""coordinates"":[]}"
368,49.90891124685591,-10.39615522817104,20,grid_0008_0020,[],368,East2c,8,"{""type"":""MultiPoint"",""coordinates"":[]}"
369,50.13348904060366,-10.39615522817104,20,grid_0009_0020,[],369,East2c,9,"{""type"":""MultiPoint"",""coordinates"":[]}"
370,50.35806683435142,-10.39615522817104,20,grid_0010_0020,[],370,East2c,10,"{""type"":""MultiPoint"",""coordinates"":[]}"
371,50.582644628099175,-10.39615522817104,20,grid_0011_0020,[],371,East2c,11,"{""type"":""MultiPoint"",""coordinates"":[]}"
372,50.80722242184693,-10.39615522817104,20,grid_0012_0020,[],372,East2c,12,"{""type"":""MultiPoint"",""coordinates"":[]}"
373,51.031800215594686,-10.39615522817104,20,grid_0013_0020,"[{treecover_class=1, mean=[74.11111111111111, 35.7037037037037, 0.8888888888888888, -9.25925925925926], median=[74.0, 36.0, 1.0, -10.0], stdDev=[24.935967379185474, 14.943882223579267, 2.4845199749997664, 1.9549101067254295], min=[36, 15, -6, -12], max=[133, 71, 4, -5], count=[27, 27, 27, 27], p10=[44.0, 17.0, -1.0, -11.0], p25=[52.0, 23.0, -1.0, -11.0], p75=[80.0, 41.0, 3.0, -8.0], p90=[113.0, 57.0, 4.0, -6.0]}]",373,East2c,13,"{""type"":""MultiPoint"",""coordinates"":[]}"
374,51.256378009342434,-10.39615522817104,20,grid_0014_0020,"[{treecover_class=1, mean=[428.3636363636364, 193.45454545454547, -4.575757575757576, -5.545454545454546], median=[485.0, 202.0, -5.0, -9.0], stdDev=[272.5512260087965, 123.32467395704548, 5.320231841782968, 10.528722357929196], min=[30, 12, -16, -15], max=[811, 364, 1, 30], count=[33, 33, 33, 33], p10=[40.0, 20.0, -12.0, -14.0], p25=[97.0, 53.0, -9.0, -12.0], p75=[654.0, 308.0, 1.0, -2.0], p90=[794.0, 337.0, 1.0, 4.0]}]",374,East2c,14,"{""type"":""MultiPoint"",""coordinates"":[]}"
375,51.48095580309019,-10.39615522817104,20,grid_0015_0020,"[{treecover_class=1, mean=[80.69565217391305, 38.04347826086956, 2.9130434782608696, -7.6521739130434785], median=[63.0, 32.0, 3.0, -9.0], stdDev=[39.82509017169157, 22.040433714799804, 3.1472975775398013, 3.357129929129732], min=[29, 13, -1, -11], max=[162, 85, 11, 2], count=[23, 23, 23, 23], p10=[47.0, 14.0, 0.0, -10.0], p25=[50.0, 22.0, 0.0, -10.0], p75=[123.0, 56.0, 4.0, -6.0], p90=[140.0, 73.0, 6.0, -5.0]}]",375,East2c,15,"{""type"":""MultiPoint"",""coordinates"":[]}"
376,51.705533596837945,-10.39615522817104,20,grid_0016_0020,"[{treecover_class=1, mean=[59.779908594755284, 24.152176420996582, 2.6424013843901144, 7.671420331011226], median=[48.48421052631579, 18.502074688796682, 2.0, -6.2969161518938845], stdDev=[36.71504706532237, 19.707686058800245, 11.1608042923786, 98.48962795700008], min=[8, 3, -57, -20], max=[426, 374, 99, 956], count=[2211, 2211, 2211, 2211], p10=[36.53448275862069, 12.694915254237289, -3.0, -10.026404765738206], p25=[40.59153318077803, 14.458860759493671, 0.0, -6.2969161518938845], p75=[66.34042553191489, 26.463636363636365, 4.0, -2.7206703910614527], p90=[90.33333333333333, 36.37837837837838, 6.0, 1.0643776824034334]}, {treecover_class=2, mean=[58.661904761904765, 24.238095238095237, 3.9857142857142858, 14.057142857142857], median=[52.0, 20.0, 2.0, -6.195402298850575], stdDev=[27.370212800649444, 15.302053276182258, 13.293205773171916, 121.3898347176942], min=[13, 8, -10, -13], max=[254, 111, 98, 948], count=[210, 210, 210, 210], p10=[36.5, 13.0, -3.0, -9.73913043478261], p25=[42.0, 15.0, 0.0, -6.195402298850575], p75=[72.0, 28.0, 5.0, -2.7796610169491527], p90=[84.5, 37.0, 7.5, 1.2272727272727273]}, {treecover_class=3, mean=[53.55357142857143, 22.113095238095237, 3.863095238095238, 8.178571428571429], median=[51.5, 20.0, 4.0, -6.256756756756757], stdDev=[16.648237046867976, 10.985068651430629, 11.146708672474801, 102.99626215065672], min=[25, 11, -12, -16], max=[169, 126, 98, 948], count=[168, 168, 168, 168], p10=[37.0, 14.0, -3.0, -6.256756756756757], p25=[42.0, 16.0, 1.0, -6.256756756756757], p75=[59.0, 25.0, 5.0, -2.65], p90=[72.0, 31.0, 8.0, 1.4444444444444444]}, {treecover_class=4, mean=[65.67904310989286, 24.901819087964114, 0.3010216795414902, -5.249688512334911], median=[59.0, 24.0, 1.0, -6.0], stdDev=[24.994582746400603, 9.002290410717093, 3.714589759762622, 5.466715891546669], min=[33, 13, -11, -13], max=[132, 57, 6, 13], count=[48, 48, 48, 48], p10=[39.0, 14.0, -4.0, -12.0], p25=[50.0, 19.0, -2.0, -9.0], p75=[70.0, 26.0, 3.0, -3.0], p90=[110.0, 34.0, 5.0, 1.0]}]",376,East2c,16,"{""type"":""MultiPoint"",""coordinates"":[]}"
377,51.9301113905857,-10.39615522817104,20,grid_0017_0020,"[{treecover_class=1, mean=[56.697723412945805, 22.63740138014059, 2.842165229915945, 9.985252703312767], median=[50.57692307692308, 20.0, 2.0, -2.687940195230446], stdDev=[28.639697121996065, 12.786718445130528, 11.745525471218448, 103.83383712562781], min=[8, 6, -19, -17], max=[342, 136, 99, 960], count=[550, 550, 550, 550], p10=[36.59375, 14.0, -4.0, -10.137931034482758], p25=[42.497708757637476, 16.0, -1.0, -6.249449130005319], p75=[62.4, 25.0, 4.0, -2.687940195230446], p90=[78.57142857142857, 33.0, 7.0, 4.875]}, {treecover_class=2, mean=[55.875, 21.96875, 1.28125, -5.15625], median=[48.0, 19.5, 2.0, -7.0], stdDev=[19.73377498098121, 9.329001738530227, 2.9710517392835825, 3.4560578608437678], min=[34, 12, -7, -10], max=[113, 56, 5, 3], count=[32, 32, 32, 32], p10=[40.0, 15.0, -1.0, -9.0], p25=[43.0, 17.0, 0.0, -8.0], p75=[62.0, 21.0, 3.0, -2.5], p90=[85.0, 37.0, 5.0, -1.0]}, {treecover_class=3, mean=[58.785714285714285, 25.25, 8.357142857142858, 65.5], median=[48.0, 21.0, 1.0, -5.0], stdDev=[29.739772723285114, 14.406409783743584, 25.48559016625766, 246.5059402355825], min=[25, 12, -11, -8], max=[185, 69, 99, 954], count=[28, 28, 28, 28], p10=[36.0, 12.0, -2.0, -8.0], p25=[42.5, 15.5, -0.5, -7.0], p75=[75.0, 28.0, 4.0, -0.5], p90=[87.0, 40.0, 12.0, 14.0]}, {treecover_class=4, mean=[69.4, 25.8, 0.6, -5.114285714285714], median=[66.0, 27.0, 1.0, -5.0], stdDev=[20.718797538191527, 9.251409159072546, 3.7048231112583885, 3.1146788742655183], min=[34, 11, -7, -11], max=[116, 61, 10, 2], count=[35, 35, 35, 35], p10=[39.0, 14.0, -4.0, -9.0], p25=[53.0, 22.0, -1.0, -7.0], p75=[85.0, 29.0, 3.0, -3.0], p90=[101.0, 33.0, 4.0, -1.0]}]",377,East2c,17,"{""type"":""MultiPoint"",""coordinates"":[]}"
378,48.11228889687388,-10.171577434423284,21,grid_0000_0021,[],378,East2c,0,"{""type"":""MultiPoint"",""coordinates"":[]}"
379,48.33686669062163,-10.171577434423284,21,grid_0001_0021,[],379,East2c,1,"{""type"":""MultiPoint"",""coordinates"":[]}"
380,48.56144448436939,-10.171577434423284,21,grid_0002_0021,[],380,East2c,2,"{""type"":""MultiPoint"",""coordinates"":[]}"
381,48.78602227811714,-10.171577434423284,21,grid_0003_0021,[],381,East2c,3,"{""type"":""MultiPoint"",""coordinates"":[]}"
382,49.01060007186489,-10.171577434423284,21,grid_0004_0021,[],382,East2c,4,"{""type"":""MultiPoint"",""coordinates"":[]}"
383,49.23517786561265,-10.171577434423284,21,grid_0005_0021,[],383,East2c,5,"{""type"":""MultiPoint"",""coordinates"":[]}"
384,49.459755659360404,-10.171577434423284,21,grid_0006_0021,[],384,East2c,6,"{""type"":""MultiPoint"",""coordinates"":[]}"
385,49.68433345310816,-10.171577434423284,21,grid_0007_0021,[],385,East2c,7,"{""type"":""MultiPoint"",""coordinates"":[]}"
386,49.90891124685591,-10.171577434423284,21,grid_0008_0021,[],386,East2c,8,"{""type"":""MultiPoint"",""coordinates"":[]}"
387,50.13348904060366,-10.171577434423284,21,grid_0009_0021,[],387,East2c,9,"{""type"":""MultiPoint"",""coordinates"":[]}"
388,50.35806683435142,-10.171577434423284,21,grid_0010_0021,[],388,East2c,10,"{""type"":""MultiPoint"",""coordinates"":[]}"
389,50.582644628099175,-10.171577434423284,21,grid_0011_0021,[],389,East2c,11,"{""type"":""MultiPoint"",""coordinates"":[]}"
390,50.80722242184693,-10.171577434423284,21,grid_0012_0021,[],390,East2c,12,"{""type"":""MultiPoint"",""coordinates"":[]}"
391,51.031800215594686,-10.171577434423284,21,grid_0013_0021,"[{treecover_class=1, mean=[63.1, 28.55, 0.75, -10.2], median=[54.5, 24.0, 1.0, -10.0], stdDev=[21.702304025149036, 13.734900800515453, 1.9716744153130354, 1.4352700094407291], min=[38, 15, -3, -12], max=[126, 65, 3, -8], count=[20, 20, 20, 20], p10=[42.5, 15.5, -2.5, -12.0], p25=[52.0, 21.0, -0.5, -11.5], p75=[74.0, 33.0, 2.0, -9.0], p90=[93.0, 51.0, 3.0, -8.0]}]",391,East2c,13,"{""type"":""MultiPoint"",""coordinates"":[]}"
392,51.256378009342434,-10.171577434423284,21,grid_0014_0021,"[{treecover_class=1, mean=[68.4, 32.8, 1.2, -9.4], median=[62.0, 22.0, 1.0, -10.0], stdDev=[28.19172455408384, 16.83330033000065, 2.286190426597633, 1.4966629547095744], min=[32, 12, -4, -11], max=[118, 59, 4, -6], count=[15, 15, 15, 15], p10=[40.0, 16.0, -4.0, -11.0], p25=[44.0, 20.0, 1.0, -10.0], p75=[101.0, 58.0, 3.0, -9.0], p90=[118.0, 59.0, 4.0, -7.0]}]",392,East2c,14,"{""type"":""MultiPoint"",""coordinates"":[]}"
393,51.48095580309019,-10.171577434423284,21,grid_0015_0021,"[{treecover_class=1, mean=[78.83478260869563, 33.15750350631136, 1.450210378681627, 1.352103786816269], median=[48.22222222222222, 18.41176470588235, 1.0, -6.288419374127965], stdDev=[74.27964379989366, 43.107001733968495, 9.56952860918569, 80.08534946709054], min=[22, 10, -16, -19], max=[533, 385, 98, 950], count=[284, 284, 284, 284], p10=[36.41746248294679, 12.68, -6.0, -10.067046450482032], p25=[40.421052631578945, 14.538222222222222, -1.0, -6.288419374127965], p75=[77.0, 28.428571428571427, 4.0, -2.699055741699665], p90=[175.0, 80.0, 6.0, 5.090909090909091]}, {treecover_class=2, mean=[68.28571428571429, 32.857142857142854, 5.095238095238095, 40.857142857142854], median=[54.0, 21.0, 2.0, -5.0], stdDev=[52.33513147393974, 31.232287497282762, 21.462935409022737, 205.598148433919], min=[20, 11, -8, -14], max=[217, 110, 99, 960], count=[21, 21, 21, 21], p10=[36.0, 14.0, -6.0, -9.0], p25=[37.0, 15.0, -3.0, -9.0], p75=[77.0, 25.0, 4.0, -1.0], p90=[94.0, 101.0, 5.0, 7.0]}, {treecover_class=3, mean=[111.0, 53.0, 1.0, -12.0], median=[111.0, 53.0, 1.0, -12.0], stdDev=[0.0, 0.0, 0.0, 0.0], min=[111, 53, 1, -12], max=[111, 53, 1, -12], count=[2, 2, 2, 2], p10=[111.0, 53.0, 1.0, -12.0], p25=[111.0, 53.0, 1.0, -12.0], p75=[111.0, 53.0, 1.0, -12.0], p90=[111.0, 53.0, 1.0, -12.0]}]",393,East2c,15,"{""type"":""MultiPoint"",""coordinates"":[]}"
394,51.705533596837945,-10.171577434423284,21,grid_0016_0021,"[{treecover_class=1, mean=[58.181091585405426, 23.50772446929792, 2.789440501963978, 7.711528906714081], median=[49.44286273877278, 18.469974936013898, 2.0, -2.6607990240033272], stdDev=[35.55706770914868, 19.748071786671822, 10.912869610642453, 94.15733413687296], min=[0, 0, -78, -30], max=[617, 437, 99, 960], count=[27187, 27187, 27187, 27187], p10=[37.633028252110805, 12.657021767968285, -4.0, -9.898426529952811], p25=[41.515073112348446, 14.489812540760884, 0.0, -6.297331492515228], p75=[65.43089015957028, 26.514812242754786, 5.0, 1.1845474399826463], p90=[85.43436754176611, 34.448657983180254, 7.0, 5.09727046992749]}, {treecover_class=2, mean=[61.72222577026684, 25.17645517591478, 2.790181195909377, 8.513192994522365], median=[52.5, 20.43661971830986, 2.0, -6.326801738343451], stdDev=[35.875244479906414, 21.031438070811728, 11.552363755237858, 100.05347528443505], min=[0, 0, -55, -30], max=[487, 354, 99, 960], count=[2400, 2400, 2400, 2400], p10=[36.59968725566849, 12.65800873954645, -4.0, -9.80549457644628], p25=[42.56255909234163, 16.519031141868513, 0.0, -6.326801738343451], p75=[70.41666666666667, 28.46728971962617, 5.0, -2.6341127922971115], p90=[90.44, 38.254901960784316, 7.0, 1.0299396803498833]}, {treecover_class=3, mean=[67.3770390447892, 26.54314700948793, 2.0613937374944236, 4.408896796224653], median=[57.39577799524675, 22.54329896907216, 2.0, -2.7325316011235956], stdDev=[42.33105220422733, 19.44411810646906, 9.65130255004413, 82.3434211380715], min=[0, 0, -43, -30], max=[654, 289, 99, 960], count=[1513, 1513, 1513, 1513], p10=[37.64699959726138, 14.471032745591938, -4.0, -9.915232766810936], p25=[45.47786518587073, 16.53216374269006, -1.0, -6.383169297245394], p75=[77.34848484848484, 30.621951219512194, 4.0, -2.7325316011235956], p90=[101.74285714285715, 40.74074074074074, 6.0, 0.9456521739130435]}, {treecover_class=4, mean=[76.93222063044878, 29.40377907131559, 1.1630177183910189, 0.035926740550990356], median=[69.75705030487805, 26.534512264689102, 1.0, -6.4749547794629185], stdDev=[34.63455404833542, 18.086037721196767, 7.374867183722198, 60.95478885697814], min=[0, 0, -14, -30], max=[542, 298, 99, 960], count=[751, 751, 751, 751], p10=[42.09375, 16.64814814814815, -5.0, -9.985675306957708], p25=[53.37837837837838, 20.484889643463497, -2.0, -6.4749547794629185], p75=[93.51381215469613, 34.5788990825688, 2.9999999999999996, -2.699383004096023], p90=[117.53333333333333, 46.29384615384615, 6.0, 1.0358097274184928]}]",394,East2c,16,"{""type"":""MultiPoint"",""coordinates"":[]}"
395,51.9301113905857,-10.171577434423284,21,grid_0017_0021,"[{treecover_class=1, mean=[56.13195698448608, 21.779286042097635, 1.571687526377329, 0.2905599719564307], median=[48.493313146606106, 19.0, 2.0, -2.7413400244134003], stdDev=[29.1081748984691, 11.99494101774626, 7.318864451627268, 55.179935742048244], min=[5, 7, -47, -19], max=[441, 200, 99, 960], count=[1714, 1714, 1714, 1714], p10=[36.662440334128874, 13.0, -4.0, -9.942669231246509], p25=[40.570970977448475, 15.000000000000002, -1.0, -6.293451281896056], p75=[64.54054054054055, 25.0, 4.0, -2.7413400244134003], p90=[82.55555555555556, 33.0, 6.0, 1.1513431322858592]}, {treecover_class=2, mean=[59.729585152838425, 24.313661883967562, 2.777292576419214, 6.007813474734872], median=[56.0, 21.0, 2.0, -6.457446808510638], stdDev=[22.85018832664492, 11.417528164279613, 10.569103443581135, 93.53228014076419], min=[9, 10, -8, -13], max=[177, 80, 98, 950], count=[253, 253, 253, 253], p10=[36.0, 13.0, -4.0, -9.703343070431679], p25=[42.0, 16.0, 0.0, -6.457446808510638], p75=[70.0, 30.0, 4.0, -2.9056653630694433], p90=[92.0, 37.0, 6.0, 0.9166666666666666]}, {treecover_class=3, mean=[65.59482471451985, 26.34330903809511, 2.8826233527428746, 15.94830044371011], median=[60.3, 23.0, 1.0, -6.457375679063937], stdDev=[29.800164801930585, 14.607941523553398, 14.312494541483675, 131.310678037495], min=[9, 10, -13, -13], max=[335, 172, 98, 950], count=[300, 300, 300, 300], p10=[38.857142857142854, 14.0, -5.0, -10.02136181575434], p25=[44.458598726114644, 18.0, -1.0, -6.457375679063937], p75=[80.5, 29.0, 4.0, -2.6627354260089686], p90=[100.66666666666667, 42.0, 6.0, 1.1142857142857143]}, {treecover_class=4, mean=[75.84333025178096, 27.986350535646316, 0.0016857904181847622, -4.20185980749361], median=[72.0, 26.0, 0.0, -4.0], stdDev=[29.974474737724243, 11.498855767015135, 3.839537009125507, 4.321417234378121], min=[32, 10, -12, -13], max=[167, 70, 10, 21], count=[225, 225, 225, 225], p10=[39.0, 15.0, -5.0, -9.0], p25=[51.0, 20.0, -2.0, -7.000000000000001], p75=[93.0, 34.0, 2.0, -2.0], p90=[120.0, 45.0, 5.0, 0.0]}]",395,East2c,17,"{""type"":""MultiPoint"",""coordinates"":[]}"
396,48.11228889687388,-9.946999640675529,22,grid_0000_0022,[],396,East2c,0,"{""type"":""MultiPoint"",""coordinates"":[]}"
397,48.33686669062163,-9.946999640675529,22,grid_0001_0022,[],397,East2c,1,"{""type"":""MultiPoint"",""coordinates"":[]}"
398,48.56144448436939,-9.946999640675529,22,grid_0002_0022,[],398,East2c,2,"{""type"":""MultiPoint"",""coordinates"":[]}"
399,48.78602227811714,-9.946999640675529,22,grid_0003_0022,[],399,East2c,3,"{""type"":""MultiPoint"",""coordinates"":[]}"
400,49.01060007186489,-9.946999640675529,22,grid_0004_0022,[],400,East2c,4,"{""type"":""MultiPoint"",""coordinates"":[]}"
401,49.23517786561265,-9.946999640675529,22,grid_0005_0022,[],401,East2c,5,"{""type"":""MultiPoint"",""coordinates"":[]}"
402,49.459755659360404,-9.946999640675529,22,grid_0006_0022,[],402,East2c,6,"{""type"":""MultiPoint"",""coordinates"":[]}"
403,49.68433345310816,-9.946999640675529,22,grid_0007_0022,[],403,East2c,7,"{""type"":""MultiPoint"",""coordinates"":[]}"
404,49.90891124685591,-9.946999640675529,22,grid_0008_0022,[],404,East2c,8,"{""type"":""MultiPoint"",""coordinates"":[]}"
405,50.13348904060366,-9.946999640675529,22,grid_0009_0022,[],405,East2c,9,"{""type"":""MultiPoint"",""coordinates"":[]}"
406,50.35806683435142,-9.946999640675529,22,grid_0010_0022,[],406,East2c,10,"{""type"":""MultiPoint"",""coordinates"":[]}"
407,50.582644628099175,-9.946999640675529,22,grid_0011_0022,[],407,East2c,11,"{""type"":""MultiPoint"",""coordinates"":[]}"
408,50.80722242184693,-9.946999640675529,22,grid_0012_0022,[],408,East2c,12,"{""type"":""MultiPoint"",""coordinates"":[]}"
409,51.031800215594686,-9.946999640675529,22,grid_0013_0022,"[{treecover_class=1, mean=[70.3157894736842, 32.78947368421053, 1.4210526315789473, -9.894736842105264], median=[70.0, 30.0, 1.0, -10.0], stdDev=[14.68637976808855, 9.827881644470928, 1.138595139620207, 0.9676198058342259], min=[47, 17, 0, -12], max=[96, 49, 4, -9], count=[19, 19, 19, 19], p10=[47.0, 17.0, 0.0, -12.0], p25=[61.0, 29.0, 1.0, -10.0], p75=[76.0, 37.0, 2.0, -9.0], p90=[96.0, 49.0, 4.0, -9.0]}]",409,East2c,13,"{""type"":""MultiPoint"",""coordinates"":[]}"
410,51.256378009342434,-9.946999640675529,22,grid_0014_0022,"[{treecover_class=1, mean=[59.5, 27.4, 1.3, -9.75], median=[57.0, 25.5, 1.0, -10.0], stdDev=[14.847558721890948, 8.622064717919946, 0.842614977317636, 1.6085707942145413], min=[35, 11, 0, -12], max=[85, 43, 3, -6], count=[20, 20, 20, 20], p10=[38.5, 15.0, 0.5, -11.5], p25=[52.0, 23.0, 1.0, -11.0], p75=[68.0, 36.0, 1.5, -9.0], p90=[84.0, 39.0, 3.0, -7.0]}]",410,East2c,14,"{""type"":""MultiPoint"",""coordinates"":[]}"
411,51.48095580309019,-9.946999640675529,22,grid_0015_0022,"[{treecover_class=1, mean=[140.18830521613938, 67.93281405736646, 2.9880578832736537, 34.27420724279228], median=[123.0, 62.0, -3.0, -6.5], stdDev=[100.2392156049158, 47.007296978176825, 20.30306787833512, 174.74983526123268], min=[5, 11, -11, -16], max=[502, 240, 98, 950], count=[218, 218, 218, 218], p10=[38.25, 17.0, -7.0, -10.362694300518134], p25=[54.333333333333336, 26.0, -5.0, -10.362694300518134], p75=[207.0, 105.0, 2.0, -3.2465321563682217], p90=[287.0, 124.0, 5.999999999999999, 5.0]}, {treecover_class=2, mean=[66.04761904761905, 24.095238095238095, -0.14285714285714285, -0.19047619047619047], median=[48.0, 20.0, 2.0, -1.0], stdDev=[41.30776035758459, 13.312739197599816, 6.096726008868274, 7.371883829918514], min=[39, 12, -12, -10], max=[227, 71, 9, 17], count=[21, 21, 21, 21], p10=[39.0, 12.0, -8.0, -10.0], p25=[41.0, 14.0, -6.0, -4.0], p75=[77.0, 28.0, 3.0, 2.0], p90=[98.0, 35.0, 7.0, 8.0]}, {treecover_class=3, mean=[83.0, 32.285714285714285, 0.5714285714285714, -7.428571428571429], median=[92.0, 45.0, 1.0, -9.0], stdDev=[29.684050551480624, 17.30990043475769, 2.6649654437396615, 2.7180425129200643], min=[38, 10, -3, -10], max=[109, 52, 5, -4], count=[7, 7, 7, 7], p10=[38.0, 10.0, -3.0, -10.0], p25=[38.0, 10.0, -3.0, -10.0], p75=[109.0, 46.0, 2.0, -4.0], p90=[109.0, 52.0, 5.0, -4.0]}, {treecover_class=4, mean=[78.66666666666667, 37.666666666666664, 5.333333333333333, -3.0], median=[76.0, 39.0, 5.0, -4.0], stdDev=[6.0184900284226295, 3.3993463423952046, 2.054804667656326, 1.4142135623730951], min=[73, 33, 3, -4], max=[87, 41, 8, -1], count=[3, 3, 3, 3], p10=[73.0, 33.0, 3.0, -4.0], p25=[73.0, 33.0, 3.0, -4.0], p75=[87.0, 41.0, 8.0, -1.0], p90=[87.0, 41.0, 8.0, -1.0]}]",411,East2c,15,"{""type"":""MultiPoint"",""coordinates"":[]}"
412,51.705533596837945,-9.946999640675529,22,grid_0016_0022,"[{treecover_class=1, mean=[54.52609708153759, 21.488067738657556, 2.5750490967637485, 6.593753508052526], median=[49.4229501241411, 18.483427835617235, 2.0, -2.6189181343382004], stdDev=[25.949066343678638, 13.734714731432353, 10.269699885392566, 87.15376864320659], min=[0, 0, -71, -30], max=[665, 382, 99, 960], count=[43062, 43062, 43062, 43062], p10=[37.6359466862986, 12.613953214531236, -4.0, -9.902695310133673], p25=[41.51650083384862, 14.493340370240766, -1.0, -6.2889118889861955], p75=[61.41198799546142, 24.46956447440986, 5.000000000000001, 1.1343402603249588], p90=[81.44771626813353, 32.49778977004065, 7.0, 5.1918436693976275]}, {treecover_class=2, mean=[58.348763081663556, 22.888517719008938, 2.5837761010857814, 5.424643320553113], median=[52.496, 20.0, 2.0, -2.6425168443001747], stdDev=[24.085667270484787, 10.693584573485932, 9.834428902290455, 82.02585601191467], min=[0, 0, -31, -30], max=[387, 165, 99, 960], count=[5360, 5360, 5360, 5360], p10=[38.45993031358885, 13.999999999999998, -3.0, -9.972363439311511], p25=[42.469761397044905, 16.0, 0.0, -6.356837968238143], p75=[68.41414141414141, 27.0, 4.0, -2.6425168443001747], p90=[88.5625, 35.0, 7.0, 1.2689366831142417]}, {treecover_class=3, mean=[62.697210050474226, 24.591026856087733, 2.6123636556562246, 4.212116388973963], median=[56.5457635654035, 21.999999999999996, 2.0, -2.696732026143791], stdDev=[24.46239361111993, 10.71529816390595, 9.376525786806786, 79.52441043728336], min=[0, 0, -36, -30], max=[275, 102, 98, 950], count=[4887, 4887, 4887, 4887], p10=[38.572052401746724, 14.0, -3.0, -9.857538134090102], p25=[44.55843945169924, 17.0, 0.0, -6.342300389865343], p75=[74.59, 29.0, 4.0, -2.696732026143791], p90=[96.53191489361703, 39.0, 7.0, 1.033255176513325]}, {treecover_class=4, mean=[77.48369925224213, 29.958246205663524, 1.9253571109676, 6.194546828829689], median=[72.47058823529412, 27.0, 1.0, -6.309400535603928], stdDev=[31.252133215818052, 13.136369173686383, 10.627838341634531, 92.53279780487222], min=[0, 0, -25, -30], max=[275, 112, 99, 960], count=[3786, 3786, 3786, 3786], p10=[42.56653715395823, 16.0, -4.0, -9.986472721346209], p25=[54.559633027522935, 21.0, -1.0, -6.309400535603928], p75=[94.38405797101449, 36.0, 4.0, -2.817428043695459], p90=[118.54838709677419, 46.0, 6.0, 1.1370240480961924]}]",412,East2c,16,"{""type"":""MultiPoint"",""coordinates"":[]}"
413,51.9301113905857,-9.946999640675529,22,grid_0017_0022,"[{treecover_class=1, mean=[57.918265115721724, 23.112929248835933, 2.509568226170912, 4.689966147973157], median=[49.46607990506329, 18.482068411271285, 2.0, -2.626946236077757], stdDev=[39.50808088777525, 17.317693635970016, 9.672648726984812, 79.07218325855713], min=[0, 0, -43, -30], max=[901, 326, 99, 960], count=[3688, 3688, 3688, 3688], p10=[37.66945312875763, 12.665207198510654, -4.0, -9.898031876358367], p25=[41.54006616221149, 16.426240208877285, -1.0, -6.263432920206005], p75=[65.42743119851862, 24.481577459479833, 5.0, -2.626946236077757], p90=[81.14872433105165, 32.43157894736842, 7.0, 1.1383696328562538]}, {treecover_class=2, mean=[62.45409153090412, 25.231656510384283, 3.0402561870414133, 11.878709115781621], median=[55.0, 22.0, 2.0, -2.7468275955596027], stdDev=[27.01079519566625, 12.049561564006968, 12.881103946789604, 116.48715637762544], min=[0, 0, -20, -30], max=[247, 114, 99, 960], count=[632, 632, 632, 632], p10=[39.0, 14.0, -4.0, -9.963636363636363], p25=[44.0, 17.0, -1.0, -6.533340423269169], p75=[71.0, 29.0, 5.0, -2.7468275955596027], p90=[97.0, 39.0, 7.0, 5.333333333333333]}, {treecover_class=3, mean=[72.21055031850842, 28.537544210327145, 2.5614675160224536, 8.134321768704181], median=[65.0, 26.0, 2.0, -6.434374021092201], stdDev=[31.101493708682415, 13.433935523857173, 11.608824665617691, 101.90327184554468], min=[0, 0, -23, -30], max=[199, 103, 99, 959], count=[815, 815, 815, 815], p10=[42.0, 15.0, -5.0, -9.885183232269972], p25=[50.0, 19.0, -1.0, -6.434374021092201], p75=[87.0, 35.0, 4.0, -2.7721139692997823], p90=[116.0, 45.0, 6.0, 1.1692978499473763]}, {treecover_class=4, mean=[94.02912497700285, 35.67922899477788, 0.3253845827259733, 4.960968568234244], median=[90.0, 34.0, 0.0, -6.541630716134599], stdDev=[38.223403614908804, 14.201329080737565, 10.32507409373495, 86.8087033629745], min=[12, 11, -25, -15], max=[219, 92, 99, 958], count=[837, 837, 837, 837], p10=[47.0, 18.0, -7.0, -10.057916861279775], p25=[65.0, 25.0, -3.0, -6.541630716134599], p75=[117.0, 43.0, 2.9999999999999996, -2.6611670911305505], p90=[147.0, 56.0, 6.0, 5.242424242424242]}]",413,East2c,17,"{""type"":""MultiPoint"",""coordinates"":[]}"
